35073,35147,if_no_else,if_stmt,no_block_if_stmt,return_and,return_or
65680,35548,return_complex_logic,var_declaration
35579,65989,++_for_loop,++_stmt,<_stop_for_loop,if_no_else,if_stmt,if_stmt_loop,len-1_stop_for_loop,no_block_if_stmt,return_variable,var_declaration
65492,116952,return_literal
117962,134727,if_no_else,if_stmt,if_stmt_loop,no_block_if_stmt
137061,137967,return_variable
160177,160264,return_false_in_loop
22006,22217,if_no_else,if_stmt,no_block_if_stmt
6876,6953,if_nested_in_then
28682,32979,if_and_simple,if_nested_in_then
33392,31435,if_else,if_or_complex,return_arithmetic,return_literal
33677,33937,return_variable,var_declaration
33999,34289,if_no_else,if_stmt,no_block_if_stmt
34295,20993,if_else
21855,2543,return_literal,return_variable,var_declaration
2543,26386,++_for_loop,++_stmt,<_stop_for_loop,if_no_else,if_stmt_loop,len-1_stop_for_loop,return_arithmetic,return_stmt_loop
26386,28081,if_or_complex,var_declaration
6282,6574,if_no_else,if_stmt,no_block_if_stmt
19630,19876,if_and_simple
22111,26603,return_complex_logic
32017,22782,return_literal
23199,23331,return_arithmetic
23438,23617,if_or_complex,return_arithmetic
23619,32685,var_declaration
20445,22884,catch_stmt,try_stmt
12050,15635,+=_for_loop,<_stop_for_loop,if_stmt_loop,len_stop_for_loop,return_stmt_loop,var_declaration
27014,27687,if_no_else,if_stmt,no_block_if_stmt
13325,3240,return_arithmetic,return_literal
3240,3285,if_or_complex
3285,14460,return_variable,var_declaration
16110,17042,if_else,if_or_simple,if_stmt,no_block_if_stmt
5568,5631,if_and_simple,if_else-if,if_nested_in_then
10112,10186,return_variable
10229,10278,return_variable
30069,9244,var_declaration
9244,9696,return_arithmetic
10759,30479,if_no_else,if_or_complex,if_stmt,no_block_if_stmt
3780,3849,if_and_simple
2200,4178,if_and_simple,if_nested_in_then
4178,2317,if_or_complex,return_arithmetic,return_literal
2317,4528,++_for_loop,++_stmt,<_stop_for_loop,if_no_else,if_stmt_loop,len_stop_for_loop,return_variable,var_declaration
8326,8374,if_and_simple
8374,8459,if_or_complex
2725,8915,++_for_loop,++_stmt,<_stop_for_loop,if_stmt_loop,len-k_stop_for_loop,return_arithmetic,return_stmt_loop
9221,9641,if_no_else,if_stmt,no_block_if_stmt
7105,7156,if_and_complex
24404,25697,var_declaration
12161,12350,if_and_complex
12886,12985,if_and_simple
13036,13133,if_no_else
13402,3244,return_arithmetic,return_literal
3282,3313,if_or_complex
16123,17171,if_else,if_or_simple,if_stmt,no_block_if_stmt
32688,31022,if_else
31030,31154,if_and_simple
31496,31765,if_no_else
31765,32218,if_or_simple,return_arithmetic,return_literal
32230,31860,return_variable,var_declaration
31860,31815,if_else,if_or_simple,if_stmt,no_block_if_stmt
7441,1835,if_no_else
7736,2057,if_no_else,if_or_complex,return_arithmetic,return_literal
2093,9858,return_variable,var_declaration
14315,14993,if_else,if_stmt,no_block_if_stmt
15288,8273,var_declaration
16060,16975,if_no_else,if_or_complex,if_stmt,no_block_if_stmt,return_variable
15724,15809,if_and_simple
15991,24962,if_else,return_and
25169,18967,if_else
19902,20200,if_no_else
20464,20687,if_or_simple,return_literal,return_variable,var_declaration
22257,23315,var_declaration
29560,29889,if_and_simple,if_else,if_nested_in_then
29889,29984,return_arithmetic,return_literal
29986,30973,++_for_loop,++_stmt,<=_stop_for_loop,break_stmt,if_no_else,if_stmt_loop,len-k_stop_for_loop,return_stmt_loop,return_variable,var_declaration
104744,161037,if_nested_in_then,len-1_stop_for_loop
106549,161503,++_for_loop,++_stmt,<_stop_for_loop,if_else,if_nested_in_then,if_stmt_loop,len-1_stop_for_loop,return_variable,var_declaration
106660,164250,++_for_loop,++_stmt,<_stop_for_loop,if_stmt_loop,len_stop_for_loop,return_variable,var_declaration
161849,162041,len_stop_for_loop
163222,163333,++_for_loop,++_stmt,<_stop_for_loop,method_declaration,parameter,return_stmt,var_declaration
163344,163124,if_no_else,if_stmt,if_stmt_loop,no_block_if_stmt,return_variable
163580,163669,return_stmt_loop,return_true_in_loop
164045,358585,array,if_else-if_else,return_variable,var_declaration
358585,357208,++_for_loop,++_stmt,<_stop_for_loop,if_no_else,if_stmt_loop
358693,56911,if_and_simple,if_else,if_nested_in_then,if_or_simple
79449,79888,if_else-if_else-if_else
115645,343331,++_for_loop,++_stmt,<_stop_for_loop,if_no_else,if_stmt_loop,len_stop_for_loop,return_variable,var_declaration
343337,87798,if_else
115731,343716,++_for_loop,++_stmt,<_stop_for_loop,if_no_else,if_stmt_loop,len_stop_for_loop,return_variable,var_declaration
88103,88169,if_and_simple,if_else,if_stmt,no_block_if_stmt
115910,115975,if_else-if_else,if_nested_in_then
116034,338876,++_for_loop,++_stmt,<_stop_for_loop,if_no_else,if_stmt_loop,len_stop_for_loop,return_variable,var_declaration
342934,343027,if_else,len_stop_for_loop
333723,334185,++_for_loop,++_stmt,<_stop_for_loop,method_declaration,parameter,return_stmt,return_variable,var_declaration
335377,332338,if_no_else,if_stmt,if_stmt_loop,no_block_if_stmt,return_variable
339782,335644,if_no_else
336831,52604,if_and_simple,if_else,if_nested_in_then,if_or_simple
112481,117663,var_declaration
117701,117970,if_no_else
117970,118377,++_for_loop,++_stmt,<_stop_for_loop,if_stmt_loop,len_stop_for_loop,return_variable
118600,118641,if_nested_in_then
133774,133797,if_else,return_literal,return_stmt_loop
133873,146339,if_else,return_stmt_loop
344912,344933,return_stmt_loop
133212,345564,++_for_loop,++_stmt,<_stop_for_loop,if_stmt_loop,len_stop_for_loop,return_variable
345613,345654,break_stmt
133472,134000,return_variable
134503,134544,if_else,if_stmt,no_block_if_stmt,var_declaration
134604,133670,if_no_else
133670,346204,++_for_loop,++_stmt,<_stop_for_loop,len_stop_for_loop,return_variable
346328,145375,if_no_else,if_stmt,if_stmt_loop,no_block_if_stmt
145404,345886,var_start_for_loop
345886,345914,break_stmt
345958,345980,len_stop_for_loop
345980,346092,nested_for_loop,var_start_for_loop
39022,40504,if_and_simple,if_else,if_nested_in_then
49937,52659,if_and_simple,if_else-if
57248,73110,return_variable,var_declaration
73110,73630,++_for_loop,++_stmt,--_stmt,<_stop_for_loop,if_nested_in_then,if_no_else,if_stmt,if_stmt_loop,len_stop_for_loop,no_block_if_stmt,return_stmt_loop
73663,73799,if_else,if_else-if_else
59143,147620,++_for_loop,++_stmt,<_stop_for_loop,if_nested_in_then,if_no_else,if_stmt_loop,len_stop_for_loop,return_variable,var_declaration
152265,152603,if_nested_in_then
158162,159081,if_nested_in_then
159333,201452,--_stmt
200670,141123,++_for_loop,++_stmt,<_stop_for_loop,len_stop_for_loop,nonzero_start_for_loop,return_variable,var_declaration
104338,104760,++_for_loop,++_stmt,<_stop_for_loop
104867,105306,++_for_loop,++_stmt,<_stop_for_loop
105449,106013,if_stmt_loop,return_stmt_loop
200399,200448,if_no_else,if_stmt,no_block_if_stmt
200468,107849,--_for_loop,--_stmt,>_stop_for_loop,nested_for_loop
203884,201251,if_no_else,if_stmt,if_stmt_loop,no_block_if_stmt
204019,204596,+=_for_loop,nonzero_start_for_loop
204600,204732,nonzero_start_for_loop
204732,201753,++_for_loop,++_stmt,nested_for_loop
201753,201858,--_for_loop,--_stmt,>_stop_for_loop,var_start_for_loop
203765,202074,<=_stop_for_loop,var_start_for_loop
202110,201096,--_for_loop,--_stmt,>_stop_for_loop,len_stop_for_loop
201141,200866,nested_for_loop
203034,356839,return_variable
356839,356950,++_for_loop,++_stmt,<_stop_for_loop,if_stmt_loop,var_declaration
358317,55790,if_and_simple,if_else
349326,85118,if_else-if_else-if_else
349328,245041,++_for_loop,++_stmt,<_stop_for_loop,len_stop_for_loop,return_variable,var_declaration
245153,246052,if_nested_in_then,if_no_else,if_stmt,if_stmt_loop,no_block_if_stmt
349333,86302,if_else
86954,340712,++_for_loop,++_stmt,<_stop_for_loop,if_no_else,if_stmt_loop,len-1_stop_for_loop,return_variable,var_declaration
100696,101325,if_and_simple,if_else,if_else-if_else,if_nested_in_then,if_stmt,no_block_if_stmt
349339,142079,++_for_loop,++_stmt,<_stop_for_loop,len_stop_for_loop,nonzero_start_for_loop,return_variable,var_declaration
349343,210024,if_no_else,if_stmt,if_stmt_loop,no_block_if_stmt
326894,327033,nested_for_loop
349347,144326,+=_for_loop
349355,211375,+=_for_loop
246273,149686,++_for_loop,++_stmt
349357,216739,if_no_else,if_stmt,if_stmt_loop,no_block_if_stmt
349371,241811,++_for_loop,++_stmt,<_stop_for_loop,method_declaration,parameter,return_stmt,return_variable,var_declaration
349387,354968,return_variable
355122,354958,++_for_loop,++_stmt,<_stop_for_loop,if_stmt_loop,return_stmt_loop,var_declaration
355214,354998,len-1_stop_for_loop
354998,47245,if_else,if_nested_in_then,if_or_simple
56396,109467,if_k_else-if
109471,110241,if_else,if_no_else,return_literal
110378,240281,++_for_loop,++_stmt,<_stop_for_loop,if_stmt_loop,len_stop_for_loop,return_variable,var_declaration
244004,113428,if_else-if_else-if,if_nested_in_then
113432,241782,++_for_loop,++_stmt,<_stop_for_loop,if_no_else,if_stmt_loop,len_stop_for_loop,return_variable,var_declaration
340709,114672,if_and_simple,if_else-if,if_nested_in_then
115208,140631,++_for_loop,++_stmt,<_stop_for_loop,len_stop_for_loop,return_variable,var_declaration
140631,144308,if_no_else,if_stmt,if_stmt_loop,no_block_if_stmt
352515,153158,+=_for_loop
211053,212328,if_no_else,if_stmt,if_stmt_loop,no_block_if_stmt
216761,241468,var_start_for_loop
242647,242901,++_for_loop,++_stmt,<_stop_for_loop,method_declaration,parameter,return_stmt,return_variable,var_declaration
243369,246835,return_stmt_loop,return_true_in_loop
352846,247167,return_true_in_loop
353138,353470,++_for_loop,++_stmt,<_stop_for_loop,if_no_else,if_stmt_loop,var_declaration
358709,38706,if_and_simple,if_else
38706,49668,if_nested_in_then,if_no_else
57149,99132,if_no_else
99411,151971,++_for_loop,++_stmt,<_stop_for_loop,if_stmt_loop,len_stop_for_loop,return_variable,var_declaration
350030,350128,if_and_simple
100059,350335,++_for_loop,++_stmt,<_stop_for_loop,if_stmt_loop,len-1_stop_for_loop,return_variable,var_declaration
350425,350495,if_or_complex
99591,141128,++_for_loop,++_stmt,<_stop_for_loop,len_stop_for_loop,return_variable,var_declaration
141347,139265,+=_for_loop
143059,351206,++_for_loop,++_stmt
351238,351314,nested_for_loop
142320,148987,if_no_else,if_stmt,if_stmt_loop,no_block_if_stmt
148987,350697,var_start_for_loop
350772,350945,>_stop_for_loop,len_stop_for_loop
350951,351062,<_stop_for_loop,len_stop_for_loop,var_start_for_loop
159854,351491,nonzero_start_for_loop
351919,351616,if_no_else,if_stmt,if_stmt_loop,nonzero_start_for_loop,no_block_if_stmt
351622,55554,if_and_complex,if_else,if_nested_in_then
55554,57665,++_stmt,--_stmt,var_declaration
57665,60539,++_for_loop,<_stop_for_loop,if_no_else,if_stmt_loop,len_stop_for_loop,return_variable
60806,58647,--_stmt,if_else
58929,61135,++_for_loop,<_stop_for_loop,if_stmt_loop,len-1_stop_for_loop,return_variable
66004,60246,if_and_simple
59608,205354,++_for_loop,++_stmt,<_stop_for_loop,len_stop_for_loop,nonzero_start_for_loop,return_variable,var_declaration
205434,205626,var_start_for_loop
205693,208216,if_else-if,if_nested_in_then
59128,139004,++_for_loop,<_stop_for_loop,len_stop_for_loop,return_variable
139004,141509,if_no_else,if_stmt,if_stmt_loop,no_block_if_stmt
141509,142892,len-var_stop_for_loop,nested_for_loop
153225,159738,if_no_else
204972,206623,++_for_loop,++_stmt,nested_for_loop
206623,205095,--_for_loop,--_stmt,var_start_for_loop
205816,206225,if_else,var_start_for_loop
207441,207532,return_stmt_loop,return_true_in_loop
207805,352999,if_else-if_else-if,if_nested_in_then,if_or_complex,var_declaration
353319,353927,if_else,if_nested_in_then,nested_for_loop,var_start_for_loop
354049,354059,break_stmt
354352,354373,break_stmt
354397,43316,if_nested_in_then,if_or_simple
44991,55301,if_and_simple
56980,142376,++_for_loop,++_stmt,<_stop_for_loop,if_no_else,if_stmt_loop,len_stop_for_loop,return_variable,var_declaration
145582,59186,if_and_simple,if_else,if_else-if_else,if_nested_in_then,if_or_simple
148367,349670,return_complex_logic
83886,58428,if_else,if_else-if_else,if_nested_in_then,if_or_simple
58428,140748,++_for_loop,++_stmt,<_stop_for_loop,if_no_else,if_stmt_loop,len_stop_for_loop,return_variable,var_declaration
241329,241794,++_for_loop,++_stmt,<_stop_for_loop,method_declaration,parameter,return_stmt,return_variable,var_declaration
245486,326432,return_stmt_loop,return_true_in_loop
326432,326874,return_false_in_loop
36376,38506,if_k_else-if_else
38506,47043,++_stmt,if_no_else,if_stmt_loop,return_variable,var_declaration,while_loop
53577,52976,if_else
52976,166129,++_for_loop,<_stop_for_loop,if_stmt_loop,return_variable
52609,55280,return_variable,var_declaration
330541,330739,if_no_else
333125,334228,if_and_complex,if_k_else-if
334378,334737,if_nested_in_then
335083,44973,if_and_simple
44973,53641,if_nested_in_then
104130,326664,++_for_loop,++_stmt,<_stop_for_loop,if_nested_in_then,if_stmt_loop,len-1_stop_for_loop,return_variable,var_declaration
326818,102262,if_else
102328,280347,++_for_loop,++_stmt,<_stop_for_loop,if_nested_in_then,if_stmt_loop,len-1_stop_for_loop,return_variable,var_declaration
103455,140259,++_for_loop,++_stmt,<_stop_for_loop,len_stop_for_loop,return_variable,var_declaration
140259,210018,if_no_else,if_stmt,if_stmt_loop,no_block_if_stmt
141909,210600,++_for_loop,++_stmt,nested_for_loop
149542,212552,if_no_else,if_stmt,if_stmt_loop,no_block_if_stmt
242581,243547,return_stmt_loop,return_true_in_loop
243752,244665,if_else,if_nested_in_then,var_declaration
245481,47772,if_and_simple,if_else,if_else-if_else
57684,111204,++_for_loop,++_stmt,<_stop_for_loop,if_no_else,if_stmt_loop,len_stop_for_loop,return_variable,var_declaration
111229,111276,return_literal
148728,67362,if_else
67362,108803,if_else-if_else-if_else
108803,240982,++_stmt,<_stop_for_loop,if_stmt_loop,len_stop_for_loop,return_variable,var_declaration
66029,236776,<_stop_for_loop,len_stop_for_loop,return_variable,var_declaration
237127,237417,nonzero_start_for_loop
151174,151827,if_nested_in_then
148201,101649,if_and_simple,if_else,if_nested_in_then
107313,107391,if_or_simple
107391,100955,if_else-if_else
101332,100237,++_for_loop,++_stmt,<_stop_for_loop,if_stmt_loop,len_stop_for_loop,return_variable,var_declaration
106836,107234,if_and_simple,if_nested_in_then,if_no_else
107234,150127,++_for_loop,++_stmt,<_stop_for_loop,if_stmt_loop,len-1_stop_for_loop,return_variable,var_declaration
103595,116061,if_no_else
107311,139150,++_for_loop,++_stmt,<_stop_for_loop,if_no_else,if_stmt_loop,len_stop_for_loop,return_variable,var_declaration
139150,153153,var_start_for_loop
158557,159219,len_stop_for_loop
159219,159922,<=_stop_for_loop
159928,160069,len_stop_for_loop,nested_for_loop,var_start_for_loop
328495,329036,++_for_loop,++_stmt,<_stop_for_loop,method_declaration,parameter,return_arithmetic,return_stmt,var_declaration
342842,344121,return_stmt_loop,return_true_in_loop
344121,344435,return_false_in_loop
344852,355703,return_variable
355703,355888,++_for_loop,++_stmt,<_stop_for_loop,if_stmt_loop,var_declaration
356113,43993,if_and_simple,if_else,if_nested_in_then,if_or_simple
43993,46206,var_declaration
46206,55209,++_stmt,+=_for_loop,<_stop_for_loop,if_stmt_loop,len_stop_for_loop,return_variable
61963,61666,len_stop_for_loop,nested_for_loop
62002,62012,++_for_loop,++_stmt,<_stop_for_loop,len-1_stop_for_loop
62012,62030,if_no_else,if_stmt,if_stmt_loop,no_block_if_stmt
62829,63071,++_for_loop,++_stmt,<_stop_for_loop,if_else-if,if_no_else,if_stmt_loop,len-1_stop_for_loop,return_variable
69061,69324,return_arithmetic
84275,84568,if_else-if_else-if,if_nested_in_then,if_stmt,no_block_if_stmt
69723,139481,++_for_loop,++_stmt,<_stop_for_loop,len_stop_for_loop,return_variable
139481,140305,if_no_else,if_stmt,if_stmt_loop,no_block_if_stmt
158675,159631,+=_for_loop,<_stop_for_loop,len_stop_for_loop
159631,204245,nonzero_start_for_loop
236465,237005,++_stmt,while_loop
237392,237551,if_no_else,if_stmt,if_stmt_loop,no_block_if_stmt
237551,237932,if_else,var_start_for_loop
239553,239992,++_for_loop,++_stmt,<_stop_for_loop,method_declaration,parameter,return_stmt,return_variable,var_declaration
354434,56963,if_and_simple,if_else,if_nested_in_then
57602,107907,if_else-if_else
109946,144184,++_for_loop,++_stmt,<_stop_for_loop,if_no_else,if_stmt_loop,return_variable,var_declaration
144184,43186,if_else
44130,45182,if_else-if_else,if_nested_in_then
45600,54581,if_and_complex,if_nested_in_then,if_or_complex
57882,72803,if_k_else-if_else
72805,73786,++_for_loop,++_stmt,<_stop_for_loop,if_no_else,if_stmt_loop,len_stop_for_loop,return_variable,var_declaration
99102,221151,++_for_loop,++_stmt,<_stop_for_loop,if_no_else,if_stmt_loop,len-1_stop_for_loop,return_variable,var_declaration
108244,99170,if_and_complex,if_else-if_else-if,if_nested_in_then
99240,220764,++_for_loop,++_stmt,<_stop_for_loop,len_stop_for_loop,return_variable,var_declaration
221331,220960,+=_for_loop
238322,220784,nonzero_start_for_loop
221414,347046,nested_for_loop
238233,221001,if_no_else,if_stmt,if_stmt_loop,len-1_stop_for_loop,no_block_if_stmt
221250,221263,--_for_loop,--_stmt
330072,330753,len_stop_for_loop
347318,347572,if_else
347572,221327,>_stop_for_loop
221327,221076,<_stop_for_loop,len_stop_for_loop
75187,75350,if_and_simple,if_else-if,if_nested_in_then,if_no_else,if_or_simple,if_stmt,no_block_if_stmt
109056,76923,if_else-if_else-if,return_literal
77008,77229,if_else-if_else-if
79009,79078,if_else-if,if_nested_in_then
79078,81426,if_no_else,return_variable
81567,82245,if_else
204142,348152,if_else-if,if_nested_in_then,len-var_stop_for_loop,return_literal
204278,204448,++_for_loop,++_stmt,<_stop_for_loop,if_no_else,if_stmt,if_stmt_loop,len_stop_for_loop,no_block_if_stmt,return_variable,var_declaration
204458,208727,while_loop
162271,144375,if_else-if,if_nested_in_then,if_stmt,no_block_if_stmt,return_literal
148186,162459,++_for_loop,++_stmt,<_stop_for_loop,if_no_else,if_stmt_loop,len_stop_for_loop,return_variable,var_declaration
162520,162586,++_for_loop,if_no_else,len_stop_for_loop
162666,162869,if_nested_in_then
162875,164806,len_stop_for_loop
164806,164666,len-1_stop_for_loop,nonzero_start_for_loop
165168,165269,++_for_loop,++_stmt,<_stop_for_loop,method_declaration,parameter,return_stmt,var_declaration
197256,197379,return_stmt_loop,return_true_in_loop
198785,354591,if_else-if_else-if,if_nested_in_then,return_literal,return_variable
112830,112996,++_for_loop,<_stop_for_loop,if_nested_in_then,if_stmt_loop,len-1_stop_for_loop,return_variable
113341,329942,++_for_loop,++_stmt,<_stop_for_loop,if_no_else,if_stmt_loop,len-1_stop_for_loop,return_arithmetic,var_declaration
113640,113709,if_no_else,if_stmt,no_block_if_stmt,return_variable
224323,329736,nested_for_loop
329736,217021,if_no_else,if_stmt,if_stmt_loop,no_block_if_stmt
218022,218106,len_stop_for_loop
210614,211352,++_for_loop,++_stmt,<_stop_for_loop,method_declaration,parameter,return_stmt,return_variable,var_declaration
211682,208378,if_no_else,if_stmt,if_stmt_loop,no_block_if_stmt
329359,358809,return_variable
358824,358885,len-1_stop_for_loop
358885,46030,if_and_simple,if_else
110384,110525,if_nested_in_then,if_no_else
110597,110609,if_else,if_or_simple
236322,327956,++_for_loop,++_stmt,<_stop_for_loop,if_no_else,if_stmt_loop,len-1_stop_for_loop,return_variable,var_declaration
327964,114304,if_else,if_else-if_else-if_else,if_nested_in_then
114304,341986,++_for_loop,++_stmt,<_stop_for_loop,if_no_else,if_stmt_loop,len-1_stop_for_loop,return_variable,var_declaration
341986,115602,if_and_simple,if_else,if_nested_in_then
115634,114454,if_else-if_else
114547,115338,return_arithmetic,var_declaration
115344,115389,if_no_else,if_stmt,no_block_if_stmt,return_variable
115196,239360,++_for_loop,++_stmt,<_stop_for_loop,len_stop_for_loop,nested_for_loop,return_variable,var_declaration
342113,239800,+=_for_loop
246054,238711,--_for_loop,--_stmt,>=_stop_for_loop,var_start_for_loop
337781,338182,++_for_loop,++_stmt,<_stop_for_loop,method_declaration,parameter,return_stmt,return_variable,var_declaration
338633,241597,--_for_loop,--_stmt,len-1_stop_for_loop
241281,54254,if_else,if_nested_in_then,if_or_simple
54366,55676,if_and_simple,if_else-if_else-if_else
55676,64931,++_for_loop,++_stmt,<_stop_for_loop,if_no_else,if_stmt_loop,len_stop_for_loop,return_variable,var_declaration
64966,65012,if_else,return_literal
70881,56852,if_else
56852,71017,++_for_loop,++_stmt,<_stop_for_loop,if_stmt_loop,len-1_stop_for_loop,var_declaration
71081,71265,if_else,if_else-if_else
71265,71513,if_and_simple,if_else-if,if_no_else
71635,64310,return_variable,var_declaration
64310,64341,if_no_else,if_stmt,no_block_if_stmt
65995,65091,if_else-if_else-if,if_nested_in_then
65093,57428,if_else
57428,200101,++_for_loop,++_stmt,<_stop_for_loop,len_stop_for_loop,return_variable,var_declaration
139715,140755,if_no_else,if_stmt,if_stmt_loop,no_block_if_stmt
142492,158767,++_for_loop,++_stmt,<_stop_for_loop,len_stop_for_loop
159042,199262,++_for_loop,++_stmt,<_stop_for_loop,if_no_else,if_stmt,if_stmt_loop,len_stop_for_loop,no_block_if_stmt
223645,224312,if_no_else,if_stmt,if_stmt_loop,no_block_if_stmt,var_start_for_loop
234494,234577,++_stmt
234582,234624,++_for_loop,<_stop_for_loop,if_stmt_loop,len_stop_for_loop,var_start_for_loop
235624,235764,if_nested_in_then
152141,153357,++_for_loop,++_stmt,<_stop_for_loop,if_no_else,if_stmt,if_stmt_loop,len_stop_for_loop,no_block_if_stmt
200190,150123,++_for_loop,++_stmt,<_stop_for_loop,if_no_else,if_stmt,if_stmt_loop,len_stop_for_loop,no_block_if_stmt
200312,224783,if_else,return_literal
224988,225196,++_for_loop,++_stmt,<_stop_for_loop,if_no_else,if_stmt,if_stmt_loop,len_stop_for_loop,no_block_if_stmt,return_variable,var_start_for_loop
150978,147473,len-1_stop_for_loop
198420,198291,return_stmt_loop,return_true_in_loop
198202,198117,nonzero_start_for_loop,return_true_in_loop
352146,352229,if_and_simple,if_else-if_else,if_nested_in_then
352417,356672,nonzero_start_for_loop
356672,43260,if_else,return_and,return_or
44173,51777,++_for_loop,++_stmt,<_stop_for_loop,if_no_else,if_stmt_loop,len_stop_for_loop,return_variable,var_declaration
53592,57933,++_for_loop,++_stmt,<_stop_for_loop,if_no_else,if_stmt_loop,len-1_stop_for_loop,return_variable,var_declaration
70683,61532,if_else,return_complex_logic
61540,61548,return_and
54512,70641,var_declaration
65999,70462,var_declaration
54998,137460,++_for_loop,++_stmt,<_stop_for_loop,len_stop_for_loop,var_declaration
137460,137963,if_no_else,if_stmt,if_stmt_loop,no_block_if_stmt
238697,147368,<_stop_for_loop,len_stop_for_loop
150460,151221,if_no_else,if_stmt,if_stmt_loop,no_block_if_stmt
151221,152260,var_start_for_loop
239664,168496,nested_for_loop,var_start_for_loop
348420,37046,if_and_complex
37651,39106,if_and_complex,if_else-if,if_nested_in_then
46657,48317,if_else,if_else-if_else,if_nested_in_then
104920,99596,if_k_else-if
102791,98846,++_for_loop,<_stop_for_loop,if_nested_in_then,if_stmt_loop,len-1_stop_for_loop,return_variable
86117,86290,if_else-if_else-if,if_nested_in_then
86290,224584,++_for_loop,++_stmt,<_stop_for_loop,if_no_else,if_stmt_loop,len-1_stop_for_loop,return_variable,var_declaration
98921,99318,if_else-if,if_nested_in_then
99318,234907,++_for_loop,++_stmt,<_stop_for_loop,len_stop_for_loop,return_variable,var_declaration
241997,243040,<=_stop_for_loop,<_stop_for_loop,nested_for_loop
244795,224181,len_stop_for_loop
209462,221890,return_stmt_loop,return_true_in_loop
221951,222538,if_nested_in_then,return_false_in_loop
222806,223021,if_else
319216,223102,if_else,return_false_in_loop,var_declaration
223775,223946,return_false_in_loop
326360,35303,if_else,if_or_complex,return_arithmetic,return_literal
35303,35392,if_else-if,if_nested_in_then